visit_id,note_id
VISIT_530522471,NOTE_88627fe2eb22b922
VISIT_530522342,NOTE_8b324ecc30717ce0
VISIT_530520421,NOTE_1a6e9bf36509b8e2
VISIT_530512919,NOTE_266082bb25c3866e
VISIT_530511430,NOTE_6b24612aab0c8b7d
VISIT_530511366,NOTE_05d4ba54db3617fe
VISIT_530506338,NOTE_020b9275e4988b27
VISIT_530505325,NOTE_c20ec8917bb6c93f
VISIT_530503642,NOTE_cd6a9f44e4fb481b
VISIT_530501734,NOTE_62327b413ab44328
VISIT_530501412,NOTE_3dde5092b4e5a3cd
VISIT_530500476,NOTE_d9312d7990038858
VISIT_530500289,NOTE_37ceab00ff1051e9
VISIT_530499182,NOTE_08a4cb3c8878fd3a
VISIT_530498044,NOTE_b8603ff91784e5c2
VISIT_530497559,NOTE_40ae50d2ee0f8036
VISIT_530491506,NOTE_cde0f9e53b3b851d
VISIT_530488278,NOTE_4f1fd442b4e87fa6
VISIT_530487452,NOTE_41c3df0f6e08540b
VISIT_530484980,NOTE_179a15b2abbc24f6
VISIT_530484431,NOTE_37c878af9a678d2b
VISIT_530484055,NOTE_e5be741f04bd70b6
VISIT_530482045,NOTE_82919c601fd79b3b
VISIT_530481870,NOTE_bb6f5ccf3a95d9c7
VISIT_530480704,NOTE_8f32e3887d7b9363
VISIT_530480194,NOTE_eadee880d7552002
VISIT_530478843,NOTE_d87f923324de8f5b
VISIT_530478839,NOTE_2edfc66bbf04cd2a
VISIT_530476313,NOTE_4bde4a7a6c8f7d29
VISIT_530475056,NOTE_39553e24fec7644f
VISIT_530473924,NOTE_47fe4e68fc21290d
VISIT_530470281,NOTE_a3fe9220af40f7c2
VISIT_530466565,NOTE_047f4afe44fc9b0e
VISIT_530461325,NOTE_e71b7b957e450125
VISIT_530457105,NOTE_9f951600ba8fb8b8
VISIT_530454020,NOTE_77ace6d08c179105
VISIT_530449730,NOTE_cca2080d67b870e4
VISIT_530448728,NOTE_a772dadabfe61178
VISIT_530448656,NOTE_b999d8be8b6073af
VISIT_530447953,NOTE_9841e8873f57b647
VISIT_530447023,NOTE_b74eaa65a38db931
VISIT_530440874,NOTE_df969fd3279ee467
VISIT_530440381,NOTE_c09ca969850cc55c
VISIT_530440103,NOTE_37eeab27824eb6f5
VISIT_530438981,NOTE_c6ea318d23b1bb0d
VISIT_530438967,NOTE_9d7b314d82251d80
VISIT_530436806,NOTE_88448e9e28be8b20
VISIT_530435221,NOTE_7f675cb9321e1251
VISIT_530430290,NOTE_2d0098ed42c5fd57
VISIT_530430249,NOTE_a3be9fa2c4f3d203
VISIT_530424161,NOTE_e379755ddd7368ae
VISIT_530419493,NOTE_1be3268e1539ec87
VISIT_530418044,NOTE_36260fa4c57d3dbe
VISIT_530412266,NOTE_b059caa595fa4966
VISIT_530411788,NOTE_73f6fbbb615cfd42
VISIT_530409718,NOTE_c19befb512f5e519
VISIT_530408534,NOTE_284a8e127578c6d7
VISIT_530406253,NOTE_517deb59484e4cb6
VISIT_530404094,NOTE_46806f3b3d81ef8d
VISIT_530401921,NOTE_fc9863c738da4811
VISIT_530395172,NOTE_444c053283d5959f
VISIT_530394961,NOTE_8128690bed2017d2
VISIT_530394804,NOTE_614800a41de7fd7b
VISIT_530393931,NOTE_8e98946f81185b30
VISIT_530374142,NOTE_47ff5da988227d20
VISIT_530373129,NOTE_f43013ff4a72ca56
VISIT_530373105,NOTE_28badf7664f9eccb
VISIT_530368726,NOTE_ed661a7667008239
VISIT_530366897,NOTE_7fed67a8961f1015
VISIT_530365682,NOTE_ea85b7974abae9bb
VISIT_530363125,NOTE_93e2a35cc4acef51
VISIT_530362563,NOTE_fa91a7a9d01cb6d2
VISIT_530355837,NOTE_f113cb4fa943d113
VISIT_530354678,NOTE_377284714f0b06ae
VISIT_530352414,NOTE_a985801202d0e09d
VISIT_530352069,NOTE_937b6aab8407f87e
VISIT_530345757,NOTE_7496c4d8f37fff6f
VISIT_530344828,NOTE_f0f7d2240971bf09
VISIT_530344280,NOTE_54033ce39caa8a40
VISIT_530343251,NOTE_3cf0e2ad2283ae71
VISIT_530342305,NOTE_ee2cc78b58afee90
VISIT_530342301,NOTE_f17ea8b8cb5815bb
VISIT_530338787,NOTE_57055f81bbc71901
VISIT_530337297,NOTE_a199e274502cab59
VISIT_530336766,NOTE_7e99e963e4bb689f
VISIT_530335502,NOTE_9ee7ca32496bf0a5
VISIT_530334839,NOTE_8880f639cb3cac85
VISIT_530334549,NOTE_776ced37d03a0c4e
VISIT_530333525,NOTE_164bec098fb20773
VISIT_530332978,NOTE_e0014706eb7f41e0
VISIT_530327466,NOTE_da61cf76a4c80ca3
VISIT_530327421,NOTE_1891a2ee9896e766
VISIT_530326531,NOTE_92b0597403cc13a3
VISIT_530325523,NOTE_5a7b1d3eab683dec
VISIT_530322146,NOTE_0e84f62dd4c8acdd
VISIT_530321585,NOTE_99a6d64177b2c2cc
VISIT_530321577,NOTE_410cde0b00f988b2
VISIT_530320418,NOTE_fa629f05a2614276
VISIT_530319135,NOTE_3f853e3fc34dfd6b
VISIT_530317275,NOTE_67cbf94b81f237da
VISIT_530315572,NOTE_add0e8365b69c933
VISIT_530314000,NOTE_efd26e86de1769c9
VISIT_530312525,NOTE_ce7c7a53609f6630
VISIT_530308509,NOTE_5a2cdf94a6bd8cb0
VISIT_530305542,NOTE_425629b4bcb73bf3
VISIT_530301266,NOTE_78d6329ba1a5349d
VISIT_530300367,NOTE_c6c3042c20c14161
VISIT_530298655,NOTE_524fbf519fe7a442
VISIT_530297425,NOTE_567b17b0dc547b82
VISIT_530296854,NOTE_dc1f336e6ff2ddbb
VISIT_530295383,NOTE_1a2f50fc3187fc5c
VISIT_530295378,NOTE_2ba71abdbc9cd28f
VISIT_530294606,NOTE_5e3af31648260a51
VISIT_530294561,NOTE_9712f0fc9211bfc2
VISIT_530294559,NOTE_b147498d2ca967ad
VISIT_530293171,NOTE_b1fc6bc48c1b36c6
VISIT_530292942,NOTE_96529b857a3bef4c
VISIT_530292298,NOTE_ce2278cebde438f6
VISIT_530290138,NOTE_3548786dcc7c31b7
VISIT_530288805,NOTE_06dbdfa711e91062
VISIT_530286981,NOTE_6d13b7d0a10d7e3e
VISIT_530286954,NOTE_9c4f4d66cc89f148
VISIT_530286923,NOTE_1d5d3bb52606a33c
VISIT_530286756,NOTE_f2f2f8eb9d7437f7
VISIT_530286264,NOTE_4f1f7ec5521ba1ea
VISIT_530286222,NOTE_977c7eed0a768390
VISIT_530285267,NOTE_e5273500a956d028
VISIT_530278801,NOTE_646e0524d10010c0
VISIT_530271946,NOTE_e4e850b7089e3470
VISIT_530271563,NOTE_29a3fcd383d2269f
VISIT_530270443,NOTE_b107c298aab1e286
VISIT_530267462,NOTE_77dd3a5dd3886441
VISIT_530267461,NOTE_f788b0db612e2a31
VISIT_530267442,NOTE_9344cc38af2f6d9b
VISIT_530266418,NOTE_1551bd23aa40cfb3
VISIT_530258821,NOTE_4e4ee44d567a858c
VISIT_530257364,NOTE_2daec80bd5b004e7
VISIT_530255169,NOTE_d4dcc40d169dea5e
VISIT_530255167,NOTE_93c4c7fb1c204b9b
VISIT_530255154,NOTE_613eb83818156f5a
VISIT_530255148,NOTE_4275e625e68d5486
VISIT_530252947,NOTE_65975ba59f6dc084
VISIT_530252916,NOTE_1d194d317fec9d84
VISIT_530247754,NOTE_e8078d83d9b8d507
VISIT_530246231,NOTE_df6b8863b49be00f
VISIT_530244342,NOTE_c4334c8f187dd06e
VISIT_530239858,NOTE_0f05e46af125391d
VISIT_530237030,NOTE_c3fa5670c0edab0e
VISIT_530236873,NOTE_0a61042ac0633ade
VISIT_530236563,NOTE_bfa01a7e9b615867
VISIT_530226302,NOTE_0543bb762c32369a
VISIT_530225263,NOTE_a3c68ec859e79c0a
VISIT_530225158,NOTE_0e4bc28c3627330f
VISIT_530224067,NOTE_414b48f2f8c1bed0
VISIT_530224004,NOTE_2957c36869e64e10
VISIT_530223338,NOTE_990627c3627ddf7c
VISIT_530222975,NOTE_f6f6ec44aba69bc3
VISIT_530222967,NOTE_20467b97dd563b9b
VISIT_530222953,NOTE_0da4b9d55e176f21
VISIT_530222948,NOTE_90d9c87d0c9fe972
VISIT_530222900,NOTE_05af2c1952f67b44
VISIT_530222307,NOTE_c6cadf2226582130
VISIT_530221400,NOTE_05459f270925813f
VISIT_530221349,NOTE_d67c1a52d16e9477
VISIT_530220330,NOTE_6ea599cf6bc6317b
VISIT_530220024,NOTE_01ed1a77a59bf7ed
VISIT_530219472,NOTE_305b26c984b8b886
VISIT_530217511,NOTE_2947742ebca0d31d
VISIT_530215930,NOTE_858a59a985439d55
VISIT_530215875,NOTE_c97db302259f9bc1
VISIT_530215064,NOTE_6dbd2d51e237659e
VISIT_530214978,NOTE_b75f28c30910393c
VISIT_530214942,NOTE_1a0f83b4b9128f3d
VISIT_530214862,NOTE_e942003121e640d1
